City_ID,City,Lat,Lng,Max Temp,Humidity,Cloudiness,Wind Speed,Country,Date
0,young,-32.6833,-57.6333,278.63,77,19,2.19,UY,1655101974
1,hofn,64.2539,-15.2082,282.33,90,99,4.06,IS,1655101784
2,guerrero negro,27.9769,-114.0611,290.73,92,29,5.68,MX,1655101977
3,hilo,19.7297,-155.09,299.42,89,40,3.09,US,1655101978
4,qaanaaq,77.484,-69.3632,267.57,67,0,2.23,GL,1655101980
5,bluff,-46.6,168.3333,281.37,66,44,11.95,NZ,1655101981
6,fort collins,40.5853,-105.0844,296.15,41,0,3.09,US,1655101863
7,renqiu,38.6989,116.0936,306.52,23,10,4.19,CN,1655101983
8,ushuaia,-54.8,-68.3,279.11,94,82,2.32,AR,1655101958
9,punta arenas,-53.15,-70.9167,280.21,93,75,3.09,CL,1655101815
10,teya,60.3778,92.6267,298.3,37,85,4.67,RU,1655101989
11,puerto ayora,-0.7393,-90.3518,295.12,91,86,0.45,EC,1655101935
12,avarua,-21.2078,-159.775,297.18,78,40,3.09,CK,1655101971
13,vaini,-21.2,-175.2,298.24,94,75,2.06,TO,1655101992
14,torbay,47.6666,-52.7314,279.68,89,75,3.09,CA,1655101807
15,kavieng,-2.5744,150.7967,301.73,71,50,5.73,PG,1655101994
16,rikitea,-23.1203,-134.9692,296.03,66,42,5.43,PF,1655101949
17,cape town,-33.9258,18.4232,288.08,94,75,7.2,ZA,1655101996
18,quatre cocos,-20.2078,57.7625,297.21,71,72,9.2,MU,1655101997
19,mataura,-46.1927,168.8643,281.19,88,75,4.67,NZ,1655101947
20,henties bay,-22.116,14.2845,290.19,67,0,1.86,NA,1655102000
21,airai,-8.9266,125.4092,293.23,66,68,1.39,TL,1655101864
22,leningradskiy,69.3833,178.4167,274.58,86,100,3.21,RU,1655102004
23,mbuji-mayi,-6.15,23.6,300.61,42,91,1.84,CD,1655102006
24,matagami,49.7502,-77.6328,285.21,100,75,3.6,CA,1655102007
25,hermanus,-34.4187,19.2345,289.15,82,100,5.28,ZA,1655102008
26,lebu,-37.6167,-73.65,281.64,88,39,4.84,CL,1655101951
27,pevek,69.7008,170.3133,277.28,67,92,5.03,RU,1655102010
28,severo-kurilsk,50.6789,156.125,280.11,87,55,4.6,RU,1655101935
29,clyde river,70.4692,-68.5914,272.28,93,100,1.03,CA,1655102013
30,bredasdorp,-34.5322,20.0403,287.95,75,100,1.77,ZA,1655102014
31,puerto narino,-3.7703,-70.3831,293.89,86,100,0.86,CO,1655102015
32,araouane,18.9048,-3.5265,303.66,29,54,2.91,ML,1655102016
33,lima,-12.0432,-77.0282,288.65,87,100,4.63,PE,1655102018
34,mwanza,-2.5167,32.9,294.18,68,20,3.6,TZ,1655102020
35,petropavlovsk-kamchatskiy,53.0452,158.6483,292.48,34,20,3.0,RU,1655102021
36,honningsvag,70.9821,25.9704,279.6,87,100,8.66,NO,1655102022
37,port alfred,-33.5906,26.891,297.13,35,100,7.75,ZA,1655101934
38,kapaa,22.0752,-159.319,300.14,86,75,7.72,US,1655102024
39,sorland,67.667,12.6934,283.07,87,75,6.69,NO,1655102027
40,hobart,-42.8794,147.3294,284.07,70,20,4.63,AU,1655101802
41,carnarvon,-24.8667,113.6333,294.83,52,0,5.47,AU,1655102029
42,sambava,-14.2667,50.1667,298.39,63,2,5.73,MG,1655102031
43,cidreira,-30.1811,-50.2056,283.02,75,98,6.21,BR,1655102032
44,peace river,56.2501,-117.286,282.32,66,20,2.57,CA,1655101810
45,albany,42.6001,-73.9662,291.7,93,87,1.24,US,1655101976
46,lazaro cardenas,17.9583,-102.2,300.1,79,97,1.38,MX,1655102035
47,umm lajj,25.0213,37.2685,304.55,56,0,5.65,SA,1655102036
48,coihaique,-45.5752,-72.0662,275.49,93,100,1.03,CL,1655101999
49,sao felix do xingu,-6.6447,-51.995,294.06,99,82,0.5,BR,1655102038
50,saint-augustin,51.226,-58.6502,281.06,84,26,1.51,CA,1655102040
51,fortuna,40.5982,-124.1573,285.74,83,66,2.68,US,1655102041
52,sibu,2.3,111.8167,298.32,94,40,2.24,MY,1655102042
53,tromso,69.6496,18.957,282.8,76,75,3.09,NO,1655102043
54,lingao,19.9103,109.6859,306.26,59,100,2.0,CN,1655102044
55,busselton,-33.65,115.3333,289.3,69,85,7.05,AU,1655102046
56,lata,40.1629,-8.3327,292.49,55,5,0.96,PT,1655101986
57,thompson,55.7435,-97.8558,284.24,82,40,1.03,CA,1655102049
58,georgetown,5.4112,100.3354,304.12,70,20,3.6,MY,1655102047
59,juliaca,-15.5,-70.1333,271.72,36,0,1.16,PE,1655102052
60,lorengau,-2.0226,147.2712,301.76,70,66,5.22,PG,1655102054
61,tanabe,33.7333,135.3667,295.89,66,75,1.03,JP,1655102055
62,naze,28.3667,129.4833,298.66,85,100,9.99,JP,1655102056
63,leh,34.1667,77.5833,289.46,25,83,2.98,IN,1655102058
64,kruisfontein,-34.0033,24.7314,291.36,51,100,0.64,ZA,1655102060
65,bagan,54.1001,77.6646,302.59,29,9,4.8,RU,1655102061
66,nikolskoye,59.7035,30.7861,292.43,54,10,2.76,RU,1655102062
67,alto araguaia,-17.3147,-53.2153,284.51,39,99,2.7,BR,1655102063
68,isangel,-19.55,169.2667,298.35,86,83,1.92,VU,1655102064
69,prince rupert,54.3161,-130.3201,282.98,88,100,2.06,CA,1655102025
70,bilgoraj,50.5411,22.722,295.02,62,12,3.02,PL,1655102067
71,mar del plata,-38.0023,-57.5575,281.53,73,0,1.79,AR,1655101934
72,tiksi,71.6872,128.8694,280.38,65,46,3.31,RU,1655102069
73,havre,49.5833,0.3333,288.82,88,75,3.6,FR,1655102070
74,faanui,-16.4833,-151.75,299.53,71,96,9.24,PF,1655102071
75,husavik,66.0449,-17.3389,282.01,81,100,2.2,IS,1655102074
76,kahului,20.8947,-156.47,298.06,87,40,7.2,US,1655101993
77,caravelas,-17.7125,-39.2481,293.44,95,100,1.63,BR,1655102077
78,trapani,37.8333,12.6667,297.75,83,0,2.57,IT,1655102078
79,praia da vitoria,38.7333,-27.0667,289.68,94,75,6.74,PT,1655102079
80,bethel,41.3712,-73.414,292.87,96,100,0.94,US,1655102081
81,moerai,-22.4333,-151.3333,297.29,69,100,6.99,PF,1655102083
82,yatou,37.15,122.3833,295.83,67,61,7.39,CN,1655102084
83,general roca,-39.0333,-67.5833,281.8,54,100,1.34,AR,1655101989
84,san juan,-31.5375,-68.5364,282.37,46,1,0.82,AR,1655102086
85,trebinje,42.7119,18.3442,298.57,41,0,7.2,BA,1655102087
86,freeport,40.6576,-73.5832,294.36,83,100,4.63,US,1655101924
87,high level,58.5169,-117.136,284.12,49,63,1.09,CA,1655102090
88,san cristobal,7.7669,-72.225,290.44,98,83,1.38,VE,1655102093
89,port elizabeth,-33.918,25.5701,290.55,69,0,2.06,ZA,1655102094
90,matelica,43.2541,13.0106,297.7,46,0,1.52,IT,1655102095
91,atuona,-9.8,-139.0333,298.64,66,92,8.79,PF,1655102096
92,grand gaube,-20.0064,57.6608,297.37,73,61,3.58,MU,1655102097
93,ulaanbaatar,47.9077,106.8832,297.22,20,0,6.0,MN,1655102099
94,lesnoy,57.6198,63.0784,284.9,91,100,3.49,RU,1655102100
95,lompoc,34.6391,-120.4579,291.36,87,100,7.15,US,1655102101
96,asau,46.4333,26.4,293.66,60,0,2.25,RO,1655102102
97,fuyang,32.9,115.8167,308.73,20,0,2.25,CN,1655102104
98,srednekolymsk,67.45,153.6833,295.52,25,8,7.03,RU,1655102105
99,kirando,-7.4167,30.6,297.19,58,12,5.64,TZ,1655102106
100,jamestown,42.097,-79.2353,288.92,67,38,0.89,US,1655102107
101,hualmay,-11.0964,-77.6139,289.42,85,51,4.45,PE,1655102108
102,lensk,60.7253,114.9278,294.39,31,100,3.5,RU,1655102110
103,maiquetia,10.5962,-66.9548,299.51,88,75,0.0,VE,1655102111
104,yeppoon,-23.1333,150.7333,295.03,56,0,1.88,AU,1655102113
105,koprivnica,46.1628,16.8275,297.75,62,0,1.51,HR,1655102115
106,itaueira,-7.6033,-43.0256,295.05,88,65,1.16,BR,1655102116
107,fairbanks,64.8378,-147.7164,290.13,60,100,0.45,US,1655102046
108,sao filipe,14.8961,-24.4956,295.86,83,5,3.84,CV,1655102119
109,butaritari,3.0707,172.7902,301.31,67,23,6.0,KI,1655102120
110,belyy yar,53.6039,91.3903,296.96,78,40,2.0,RU,1655102121
111,kushima,31.4583,131.2333,292.5,94,100,6.27,JP,1655102122
112,ancud,-41.8697,-73.8203,283.83,92,100,4.54,CL,1655102124
113,souillac,-20.5167,57.5167,297.36,73,75,8.75,MU,1655102125
114,jardim,-21.4803,-56.1381,279.89,74,0,1.04,BR,1655102127
115,new norfolk,-42.7826,147.0587,283.87,81,30,1.79,AU,1655102128
116,dikson,73.5069,80.5464,272.39,90,100,7.62,RU,1655101865
117,cherskiy,68.75,161.3,293.9,30,33,3.91,RU,1655102130
118,constitucion,-35.3333,-72.4167,281.65,87,94,0.96,CL,1655102131
119,kaitangata,-46.2817,169.8464,280.08,80,98,7.09,NZ,1655102046
120,saldanha,-33.0117,17.9442,286.18,92,100,8.54,ZA,1655102133
121,kieta,-6.2167,155.6333,300.95,74,26,2.47,PG,1655101977
122,miramar,25.9873,-80.2323,301.48,85,0,2.57,US,1655102123
123,east london,-33.0153,27.9116,297.67,29,0,8.23,ZA,1655102139
124,port hedland,-20.3167,118.5667,302.18,18,0,5.14,AU,1655102052
125,acajutla,13.5928,-89.8275,298.32,84,100,1.74,SV,1655102141
126,vangaindrano,-23.35,47.6,294.64,65,75,0.57,MG,1655102143
127,saint-francois,46.4154,3.9054,291.84,68,100,2.06,FR,1655102144
128,getulio vargas,-32.6796,-53.5494,278.83,90,2,1.83,UY,1655102145
129,ust-uda,54.1742,103.0304,299.31,40,96,2.87,RU,1655102147
130,tasiilaq,65.6145,-37.6368,275.24,99,100,1.51,GL,1655102148
131,taltal,-25.4,-70.4833,287.07,76,30,1.06,CL,1655101938
132,geraldton,-28.7667,114.6,293.38,56,100,3.6,AU,1655102151
133,boca do acre,-8.7522,-67.3978,289.88,81,68,1.92,BR,1655102152
134,upernavik,72.7868,-56.1549,271.0,96,100,1.66,GL,1655102153
135,smidovich,48.6,133.8167,297.02,61,100,3.77,RU,1655102154
136,saskylakh,71.9167,114.0833,295.12,24,0,3.47,RU,1655102156
137,iqaluit,63.7506,-68.5145,275.0,87,75,4.12,CA,1655102157
138,nanortalik,60.1432,-45.2371,275.27,88,44,7.51,GL,1655102158
139,sao joao da barra,-21.6403,-41.0511,292.05,65,100,8.21,BR,1655101954
140,hasaki,35.7333,140.8333,297.2,64,91,5.98,JP,1655102160
141,nome,64.5011,-165.4064,282.19,54,100,3.6,US,1655102163
142,burnie,-41.0667,145.9167,285.34,55,45,4.3,AU,1655102165
143,vardo,70.3705,31.1107,282.14,61,75,7.2,NO,1655102166
144,cherrapunji,25.3,91.7,294.31,86,100,1.71,IN,1655102168
145,tucurui,-3.7661,-49.6725,295.74,95,65,0.92,BR,1655102169
146,ilulissat,69.2167,-51.1,272.16,100,100,3.6,GL,1655102170
147,saint george,37.1041,-113.5841,305.48,9,0,6.17,US,1655102172
148,samarai,-10.6167,150.6667,301.83,73,12,4.7,PG,1655102173
149,luwuk,-0.9516,122.7875,301.9,74,72,2.32,ID,1655102174
150,trinidad,-14.8333,-64.9,283.76,63,0,1.9,BO,1655102175
151,mizdah,31.4451,12.9801,296.46,37,0,3.33,LY,1655102177
152,kodiak,57.79,-152.4072,288.88,59,0,3.6,US,1655102178
153,soe,-9.8607,124.284,298.59,50,15,3.53,ID,1655102180
154,naryan-mar,67.6713,53.087,288.44,35,100,4.61,RU,1655102181
155,chuy,-33.6971,-53.4616,280.26,95,9,1.9,UY,1655102182
156,yulara,-25.2406,130.9889,293.25,25,0,1.52,AU,1655101978
157,merauke,-8.4667,140.3333,300.52,82,100,6.94,ID,1655102185
158,bengkulu,-3.8004,102.2655,302.02,64,100,2.3,ID,1655102186
159,yellowknife,62.456,-114.3525,284.44,87,20,1.03,CA,1655102187
160,andenes,69.3143,16.1194,281.14,93,75,3.09,NO,1655102188
161,saint-philippe,-21.3585,55.7679,294.92,84,100,7.88,RE,1655102189
162,broken hill,-31.95,141.4333,285.57,53,0,0.87,AU,1655102055
163,ponta do sol,32.6667,-17.1,293.71,77,38,0.41,PT,1655102192
164,santa rosalia,27.3167,-112.2833,299.14,51,6,1.87,MX,1655102193
165,ishigaki,24.3448,124.1572,304.22,84,40,8.23,JP,1655102194
166,arraial do cabo,-22.9661,-42.0278,292.61,66,100,11.2,BR,1655102195
167,manta,-0.95,-80.7333,295.03,88,100,3.09,EC,1655102196
168,ngorongoro,-3.2397,35.4875,286.58,69,98,3.01,TZ,1655102198
169,tessalit,20.1986,1.0114,304.43,24,99,1.61,ML,1655102199
170,saint-alexandre,44.2278,4.6214,297.76,61,93,7.47,FR,1655102200
171,petropavlovka,50.6114,105.3196,300.87,30,99,2.77,RU,1655102201
172,jalu,29.0331,21.5482,299.13,45,0,5.55,LY,1655102202
173,saint-joseph,-21.3667,55.6167,294.36,80,68,7.72,RE,1655102204
174,svetlaya,46.5389,138.3297,286.81,75,30,2.88,RU,1655102205
175,labuhan,-6.8844,112.2051,302.55,70,62,3.29,ID,1655102206
176,hirara,24.8,125.2833,304.3,79,75,9.26,JP,1655102207
177,rio gallegos,-51.6226,-69.2181,274.18,93,20,3.6,AR,1655102208
178,castro,-24.7911,-50.0119,275.65,75,0,1.12,BR,1655102210
179,barrow,71.2906,-156.7887,271.16,93,100,3.6,US,1655102129
180,mackay,-21.15,149.2,291.86,56,0,5.29,AU,1655102212
181,udachnyy,66.4167,112.4,293.78,22,13,5.73,RU,1655102213
182,bathsheba,13.2167,-59.5167,300.49,78,20,7.72,BB,1655101916
183,lavrentiya,65.5833,-171.0,277.2,71,100,1.84,RU,1655102215
184,road town,18.4167,-64.6167,300.2,78,9,8.51,VG,1655102025
185,hithadhoo,-0.6,73.0833,302.0,70,82,3.15,MV,1655102218
186,betanzos,43.2804,-8.2147,291.66,81,40,1.54,ES,1655102219
187,salalah,17.0151,54.0924,305.2,70,75,3.6,OM,1655101987
188,comodoro rivadavia,-45.8667,-67.5,286.07,35,0,6.17,AR,1655101926
189,tinskoy,56.1525,96.9161,299.93,39,100,4.45,RU,1655102222
190,kihei,20.785,-156.4656,298.06,88,40,7.2,US,1655102223
191,matamoros,25.5333,-103.25,298.29,42,4,2.68,MX,1655102157
192,ponta delgada,37.7333,-25.6667,290.1,88,20,4.63,PT,1655102225
193,victoria,22.2855,114.1577,305.47,82,90,8.49,HK,1655102176
194,flinders,-34.5833,150.8552,288.81,59,5,0.45,AU,1655102229
195,diego de almagro,-26.3667,-70.05,285.45,31,1,0.58,CL,1655102230
196,aguililla,18.7333,-102.7333,292.58,90,100,1.84,MX,1655102231
197,nacala,-14.5428,40.6728,295.77,69,75,4.96,MZ,1655102232
198,suez,29.9737,32.5263,300.15,46,0,2.26,EG,1655102234
199,obigarm,38.7173,69.7088,297.64,46,18,1.54,TJ,1655102235
200,acarau,-2.8856,-40.12,297.05,87,14,3.67,BR,1655102236
201,klaksvik,62.2266,-6.589,282.66,87,90,2.51,FO,1655102238
202,boguchany,58.3814,97.4531,300.86,30,52,4.29,RU,1655102239
203,quang ngai,15.1167,108.8,307.7,52,100,4.95,VN,1655102191
204,okha,53.5739,142.9478,291.02,60,61,3.32,RU,1655102241
205,norman wells,65.282,-126.8329,278.17,93,100,5.14,CA,1655102242
206,kasongo-lunda,-6.4667,16.8167,296.17,45,29,0.88,CD,1655102243
207,fushun,41.8558,123.9233,291.99,86,100,4.86,CN,1655102246
208,la ronge,55.1001,-105.2842,288.29,77,75,2.57,CA,1655102247
209,rawson,-43.3002,-65.1023,285.58,28,100,4.96,AR,1655102248
210,verin,41.9415,-7.4381,295.75,66,1,1.85,ES,1655102249
211,tiznit,29.5833,-9.5,298.0,48,65,0.94,MA,1655102251
212,ribeira grande,38.5167,-28.7,290.37,77,40,5.66,PT,1655102252
213,namibe,-15.1961,12.1522,294.28,54,0,3.85,AO,1655102253
214,diamantino,-14.4086,-56.4461,286.49,74,48,2.15,BR,1655102150
215,kununurra,-15.7667,128.7333,302.14,16,12,4.63,AU,1655102255
216,saint anthony,45.0205,-93.218,294.63,85,20,3.6,US,1655102256
217,antofagasta,-23.65,-70.4,285.75,76,13,2.6,CL,1655102258
218,yangliuqing,39.1375,116.9997,296.12,29,14,4.44,CN,1655102259
219,khobi,42.3156,41.8987,298.27,66,64,3.2,GE,1655102260
220,tura,25.5198,90.2201,301.49,82,97,3.07,IN,1655102261
221,katsuura,35.1333,140.3,293.04,67,100,6.54,JP,1655102263
222,katima mulilo,-17.5,24.2667,290.37,47,0,2.42,NA,1655102265
223,penalva,-3.2942,-45.1736,294.74,99,12,1.17,BR,1655102266
224,rocha,-34.4833,-54.3333,279.02,90,86,1.37,UY,1655102066
225,phuthaditjhaba,-28.5242,28.8158,284.39,28,34,2.88,ZA,1655102268
226,minab,27.1467,57.0801,309.81,47,0,3.24,IR,1655102269
227,biak,-0.9131,122.8766,301.06,71,50,2.56,ID,1655102270
228,chokurdakh,70.6333,147.9167,295.13,17,6,4.96,RU,1655102273
229,oruro,-17.9833,-67.15,271.93,37,0,1.14,BO,1655102274
230,haines junction,60.7522,-137.5108,283.12,62,100,3.6,CA,1655102275
231,shache,38.4167,77.2406,306.64,14,79,0.86,CN,1655102276
232,vostok,46.4856,135.8833,296.71,32,7,1.53,RU,1655102278
233,missoula,47.0166,-113.8009,282.51,91,96,1.62,US,1655102281
234,hastings,50.8552,0.5729,288.22,75,8,3.98,GB,1655102282
235,tateyama,34.9833,139.8667,293.31,68,100,7.24,JP,1655102283
236,mineros,-17.1167,-63.2333,282.42,41,0,2.17,BO,1655102284
237,krasnyy yar,46.5331,48.3456,301.11,32,71,6.85,RU,1655102285
238,lafiagi,8.8667,5.4167,300.22,71,72,2.51,NG,1655102287
239,aksaray,38.3726,34.0254,293.37,55,10,3.35,TR,1655102288
240,chino valley,34.7575,-112.4538,299.32,20,0,3.09,US,1655102132
241,goderich,43.7501,-81.7165,285.32,87,0,0.51,CA,1655102290
242,colares,38.7992,-9.4469,293.57,75,0,4.02,PT,1655102174
243,sibolga,1.7427,98.7792,303.38,63,20,2.68,ID,1655102292
244,salamanca,40.8333,-6.0,290.03,38,0,1.35,ES,1655102293
245,codrington,-38.2667,141.9667,284.47,78,100,2.05,AU,1655102294
246,kuah,6.3265,99.8432,304.14,70,20,3.09,MY,1655102296
247,salinopolis,-0.6136,-47.3561,298.54,83,2,3.04,BR,1655102297
248,komsomolskiy,40.4272,71.7189,299.55,41,100,5.14,UZ,1655102298
249,whitehorse,60.7161,-135.0538,280.58,94,100,3.09,CA,1655102233
250,hervey bay,-25.2986,152.8535,291.21,75,4,4.81,AU,1655102300
251,port pirie,-33.1833,138.0167,287.81,59,6,3.81,AU,1655102301
252,graham,47.0529,-122.2943,284.27,82,100,5.66,US,1655102303
253,coquimbo,-29.9533,-71.3436,283.0,93,100,3.09,CL,1655102304
254,hermiston,45.8404,-119.2895,285.82,80,100,8.75,US,1655102305
255,vila velha,-20.3297,-40.2925,294.12,87,100,6.17,BR,1655102141
256,anda,46.4,125.3167,294.54,67,100,6.66,CN,1655102307
257,bull savanna,17.8868,-77.5902,297.7,85,100,6.75,JM,1655102309
258,magadi,12.9667,77.2333,303.57,45,36,3.9,IN,1655102310
259,bubaque,11.2833,-15.8333,299.73,82,66,3.94,GW,1655102311
260,spas-klepiki,55.1347,40.1767,294.06,48,100,3.27,RU,1655102312
261,george,-33.963,22.4617,285.9,50,0,2.06,ZA,1655102313
262,llanes,43.4198,-4.7549,292.12,87,52,2.83,ES,1655102315
263,tuatapere,-46.1333,167.6833,279.92,77,87,7.35,NZ,1655102316
264,camapua,-19.5314,-54.0439,281.09,59,10,2.66,BR,1655102317
265,muncar,-8.4333,114.3333,301.05,80,100,3.28,ID,1655102318
266,nazarovo,56.0064,90.3914,300.11,37,98,3.19,RU,1655102319
267,felanitx,39.4696,3.1483,300.35,47,0,2.06,ES,1655102321
268,lengshuitan,26.4111,111.5956,294.55,97,100,1.22,CN,1655102322
269,los llanos de aridane,28.6585,-17.9182,292.01,93,75,0.45,ES,1655102323
270,domoni,-12.2569,44.5319,299.23,71,5,5.23,KM,1655102324
271,port hardy,50.6996,-127.4199,283.15,76,20,3.6,CA,1655102325
272,siloam springs,36.1881,-94.5405,301.6,82,0,5.14,US,1655102213
273,kavaratti,10.5669,72.642,301.53,75,100,7.19,IN,1655102328
274,nhulunbuy,-12.2333,136.7667,299.49,65,100,6.17,AU,1655102329
275,shingu,33.7333,135.9833,294.45,75,100,2.83,JP,1655102330
276,wajid,3.8093,43.2471,301.38,50,100,9.77,SO,1655102331
277,leshukonskoye,64.8989,45.7622,293.51,34,100,4.77,RU,1655102333
278,plaster rock,46.9065,-67.39,290.44,96,74,2.06,CA,1655102334
279,saga,33.2493,130.2988,294.12,88,75,4.12,JP,1655102336
280,broome,42.2506,-75.833,291.13,90,20,2.06,US,1655102051
281,rio cauto,20.5603,-76.9161,297.27,88,100,1.1,CU,1655102338
282,cabo san lucas,22.8909,-109.9124,302.38,69,7,5.51,MX,1655102339
283,san carlos de bariloche,-41.1456,-71.3082,274.95,93,40,1.54,AR,1655102340
284,lagoa,39.05,-27.9833,289.99,82,8,8.25,PT,1655102341
285,tual,-5.6667,132.75,300.78,78,100,4.34,ID,1655102079
286,hailey,43.5196,-114.3153,283.07,72,40,7.2,US,1655102344
287,batagay,67.6333,134.6333,293.72,37,87,5.54,RU,1655102345
288,sitka,57.0531,-135.33,283.09,87,100,4.12,US,1655102346
289,sokolniki,50.638,21.8065,296.04,68,57,1.34,PL,1655102348
290,kingman,35.1894,-114.053,303.86,8,0,7.2,US,1655102349
291,salmo,49.1999,-117.2689,286.53,85,100,0.44,CA,1655102351
292,adrar,20.5022,-10.0711,303.87,31,72,3.93,MR,1655102352
293,longyearbyen,78.2186,15.6401,277.06,87,75,2.06,SJ,1655102354
294,shiyan,32.6475,110.7781,308.65,21,3,4.58,CN,1655102355
295,sangar,63.9242,127.4739,287.35,71,100,3.12,RU,1655102356
296,paka,4.6374,103.4368,304.11,70,40,1.54,MY,1655102360
297,tabuk,17.4189,121.4443,305.2,62,100,0.91,PH,1655102361
298,abu dhabi,24.4667,54.3667,310.21,59,0,3.6,AE,1655102362
299,kargopol,61.5071,38.9456,286.36,87,100,2.93,RU,1655102364
300,lewistown,40.5992,-77.5714,293.08,100,100,0.0,US,1655102365
301,khatanga,71.9667,102.5,295.54,27,100,2.5,RU,1655102366
302,yining,29.0361,114.5636,302.79,56,100,0.5,CN,1655102367
303,pinehurst,35.1954,-79.4695,296.99,92,0,5.14,US,1655102362
304,pedernales,18.0384,-71.744,299.25,66,78,2.27,DO,1655102369
305,san quintin,30.4833,-115.95,290.5,91,62,3.9,MX,1655102371
306,talaya,61.3833,152.75,282.98,71,100,4.6,RU,1655102372
307,nisia floresta,-6.0911,-35.2086,297.36,93,13,2.36,BR,1655102373
308,gonaives,19.45,-72.6833,299.58,77,94,0.66,HT,1655102374
309,ajdabiya,30.7554,20.2263,298.49,57,0,6.96,LY,1655102376
310,markova,48.6758,24.4138,293.44,60,10,1.79,UA,1655102377
311,alekseyevsk,57.8406,108.3492,298.89,27,100,1.21,RU,1655102378
312,zlitan,32.4674,14.5687,297.63,59,0,7.2,LY,1655102379
313,safaga,26.7292,33.9365,304.85,38,0,6.68,EG,1655102380
314,hobyo,5.3505,48.5268,302.77,61,54,11.06,SO,1655102382
315,bambous virieux,-20.3428,57.7575,297.29,73,75,8.75,MU,1655102383
316,moroni,-11.7022,43.2551,299.69,67,4,3.77,KM,1655102384
317,mulege,26.8833,-111.9833,301.1,56,5,1.38,MX,1655102385
318,porbandar,21.6422,69.6093,304.03,66,80,5.89,IN,1655102387
319,fria,10.4167,-13.5833,295.49,95,99,0.9,GN,1655102388
320,ozerne,50.1782,28.7338,293.62,73,8,2.63,UA,1655102389
321,lebowakgomo,-24.2,29.5,281.65,34,0,1.41,ZA,1655102390
322,kemijarvi,66.7131,27.4306,289.54,60,85,1.64,FI,1655102391
323,omsukchan,62.5333,155.8,282.18,56,93,2.25,RU,1655102393
324,korla,41.7597,86.1469,309.3,6,9,0.64,CN,1655102352
325,mount gambier,-37.8333,140.7667,285.12,60,100,1.25,AU,1655102395
326,pozo colorado,-23.4923,-58.7972,278.63,66,0,2.05,PY,1655102396
327,poum,-20.2333,164.0167,297.55,82,100,7.12,NC,1655102397
328,bodden town,19.2833,-81.25,299.22,89,76,2.68,KY,1655102399
329,teknaf,20.8624,92.3058,304.15,67,94,3.69,BD,1655102400
330,krasnotorka,48.682,37.5327,298.86,53,97,2.97,UA,1655102401
331,katangli,51.7102,143.2326,287.26,70,1,4.16,RU,1655102402
332,suffolk,40.8668,-72.7996,294.22,94,100,3.6,US,1655102403
333,mujiayingzi,42.1167,118.7833,295.31,43,94,5.21,CN,1655102405
334,cervo,43.6702,-7.4101,290.2,91,100,7.63,ES,1655102406
335,parrita,9.5201,-84.3225,296.59,86,100,1.42,CR,1655102407
336,belmonte,-15.8631,-38.8828,295.25,83,11,1.59,BR,1655102408
337,tuktoyaktuk,69.4541,-133.0374,273.55,90,98,3.51,CA,1655102410
338,verkhnyaya inta,65.9811,60.3094,285.61,32,0,4.27,RU,1655102412
339,buta,2.7858,24.73,297.5,86,96,0.5,CD,1655102413
340,halifax,44.6453,-63.5724,290.09,86,96,1.54,CA,1655102416
341,kudahuvadhoo,2.6708,72.8944,301.71,69,88,2.74,MV,1655102417
342,asyut,27.181,31.1837,304.27,33,0,4.75,EG,1655102419
343,provideniya,64.3833,-173.3,278.85,67,100,1.55,RU,1655102420
344,north bend,43.4065,-124.2243,284.3,100,100,2.38,US,1655102421
345,mandalgovi,45.7625,106.2708,297.03,20,12,6.38,MN,1655102422
346,tornio,65.8481,24.1466,288.16,78,31,2.81,FI,1655102423
347,sayat,38.7839,63.8803,306.08,13,0,1.05,TM,1655102425
348,plouzane,48.3833,-4.6167,287.18,85,0,3.6,FR,1655102426
349,elliot lake,46.3834,-82.6331,280.67,91,12,1.79,CA,1655102427
350,mahebourg,-20.4081,57.7,297.31,73,75,8.75,MU,1655102429
351,newport,51.5877,-2.9984,287.66,77,48,2.37,GB,1655102430
352,hanyang,32.1371,105.5126,300.72,56,99,3.77,CN,1655102431
353,havre-saint-pierre,50.2334,-63.5986,282.15,93,0,1.54,CA,1655102432
354,kualakapuas,-3.0091,114.3876,301.75,78,99,0.43,ID,1655102435
355,northam,51.0333,-4.2167,286.85,85,13,4.09,GB,1655102436
356,odweyne,9.4092,45.064,300.74,47,69,9.76,SO,1655102437
357,porto novo,6.4965,2.6036,298.05,84,100,1.71,BJ,1655102438
358,palmas,-10.2128,-48.3603,295.08,88,20,2.06,BR,1655102439
359,lakheri,25.6667,76.1667,311.95,28,100,3.93,IN,1655102441
360,ledyard,41.4398,-72.0142,292.31,84,100,2.57,US,1655102222
361,williston,48.147,-103.618,291.5,73,100,0.89,US,1655102322
362,kysyl-syr,63.8986,122.7617,284.11,90,100,3.65,RU,1655102445
363,bad windsheim,49.5,10.4167,292.33,63,75,4.12,DE,1655102447
364,dingle,10.9995,122.6711,304.61,62,91,2.88,PH,1655102448
365,beyla,8.6833,-8.6333,292.89,98,99,1.15,GN,1655102450
366,riberalta,-10.9833,-66.1,287.24,80,42,1.49,BO,1655102451
367,hanzhong,33.0728,107.0303,306.14,34,66,2.9,CN,1655102452
368,ahipara,-35.1667,173.1667,286.96,71,31,10.14,NZ,1655102454
369,alice springs,-23.7,133.8833,293.9,32,0,2.57,AU,1655102457
370,kailua,21.4022,-157.7394,299.14,79,100,6.69,US,1655102458
371,yumen,40.2833,97.2,304.56,4,0,7.21,CN,1655102459
372,helong,42.5397,128.9972,290.47,80,100,1.88,CN,1655102460
373,kanniyakumari,8.0833,77.5667,303.64,65,9,8.91,IN,1655102462
374,kundiawa,-6.0167,144.9667,292.72,89,96,1.27,PG,1655102463
375,neyshabur,36.2133,58.7958,302.12,24,0,1.1,IR,1655102464
376,shimoda,34.6667,138.95,296.35,80,100,4.75,JP,1655102465
377,sechura,-5.5569,-80.8222,290.69,82,82,4.02,PE,1655102467
378,berdigestyakh,62.0989,126.6992,287.9,59,100,2.89,RU,1655102468
379,dagda,56.0951,27.5372,290.21,58,51,2.62,LV,1655102469
380,angoche,-16.2325,39.9086,297.18,70,36,4.44,MZ,1655102470
381,vila franca do campo,37.7167,-25.4333,289.93,90,84,3.61,PT,1655102471
382,kautokeino,69.0125,23.0412,286.09,57,64,0.89,NO,1655102474
383,flin flon,54.7682,-101.865,285.5,93,36,3.18,CA,1655102475
384,birjand,32.8663,59.2211,307.41,11,0,2.06,IR,1655102476
385,waipawa,-41.4122,175.5153,281.81,79,10,6.31,NZ,1655102477
386,turukhansk,65.8167,87.9833,297.61,43,70,3.28,RU,1655102479
387,tautira,-17.7333,-149.15,299.07,69,34,8.47,PF,1655102481
388,qingdao,36.0986,120.3719,297.93,69,75,8.0,CN,1655102452
389,nuuk,64.1835,-51.7216,273.62,89,100,9.59,GL,1655102467
390,pombas,17.1503,-25.0201,294.03,82,32,5.04,CV,1655102486
391,oudtshoorn,-33.5907,22.2014,285.35,40,100,2.5,ZA,1655102487
392,axim,4.8699,-2.2405,298.59,75,96,1.74,GH,1655102489
393,santa isabel do rio negro,-0.4139,-65.0192,293.66,99,98,0.89,BR,1655102490
394,cairns,-16.9167,145.7667,298.19,60,7,6.17,AU,1655102491
395,basco,20.4487,121.9702,302.43,77,100,6.66,PH,1655102492
396,santander,43.4647,-3.8044,291.74,94,40,1.03,ES,1655102494
397,port lincoln,-34.7333,135.8667,288.55,61,63,5.55,AU,1655102495
398,mossendjo,-2.9506,12.7261,294.1,88,100,1.36,CG,1655102496
399,zhezkazgan,47.8043,67.7144,305.14,15,75,7.0,KZ,1655102497
400,inskoy,54.4297,86.44,301.25,43,99,2.08,RU,1655102499
401,russell,32.3502,-85.1999,297.93,100,0,1.54,US,1655102501
402,saint-paul,-21.0096,55.2707,295.57,71,30,0.95,RE,1655102503
403,iganga,0.6092,33.4686,293.97,83,100,1.25,UG,1655102504
404,bakchar,57.0186,82.0711,299.58,35,1,4.98,RU,1655102505
405,avera,33.194,-82.5271,299.18,73,15,2.12,US,1655102507
406,olafsvik,64.8945,-23.7142,282.6,95,100,6.56,IS,1655102508
407,strezhevoy,60.7333,77.5889,290.24,74,98,5.97,RU,1655102509
408,mayo,38.8876,-76.5119,296.64,92,20,2.06,US,1655102511
409,klyuchi,52.2667,79.1667,304.79,23,24,6.25,RU,1655102512
410,pitimbu,-7.4706,-34.8086,295.48,85,7,2.6,BR,1655102514
411,tabou,4.423,-7.3528,298.63,72,100,2.85,CI,1655102515
412,wanning,18.8003,110.3967,304.06,72,100,6.95,CN,1655102516
413,valdivia,-39.8142,-73.2459,281.2,92,100,1.0,CL,1655102517
414,pyinmana,19.7333,96.2167,303.7,69,100,3.52,MM,1655102519
415,margate,51.3813,1.3862,288.54,68,0,1.79,GB,1655102520
416,ous,60.9058,61.5186,288.85,50,100,4.25,RU,1655102521
417,friedland,51.4167,9.9333,289.3,75,100,0.89,DE,1655102522
418,oussouye,12.485,-16.5469,300.2,77,100,3.84,SN,1655102523
419,dong hoi,17.4833,106.6,308.55,53,100,1.71,VN,1655102525
420,tarbagatay,51.4803,107.3602,299.89,26,99,2.32,RU,1655102527
421,sarakhs,36.5449,61.1577,306.23,27,0,1.03,IR,1655102528
422,kango,0.1943,10.0951,297.04,93,100,0.52,GA,1655102529
423,monroe,43.1501,-77.6831,290.16,93,100,3.09,US,1655102530
424,jiayuguan,39.8167,98.3,302.79,5,0,4.8,CN,1655102533
425,santa cruz del sur,20.7147,-77.9956,298.94,82,72,0.76,CU,1655102534
426,gairo,39.8497,9.5047,292.71,27,5,0.23,IT,1655102537
427,bermeo,43.4209,-2.7215,292.86,90,58,3.47,ES,1655102539
428,viedma,-40.8135,-62.9967,284.51,50,100,6.24,AR,1655102540
429,abu road,24.4833,72.7833,306.26,46,70,2.84,IN,1655102541
430,bilibino,68.0546,166.4372,291.0,24,45,5.87,RU,1655102542
431,saint-pierre,-21.3393,55.4781,295.32,88,75,10.8,RE,1655102544
432,pankrushikha,53.8319,80.3406,302.08,33,7,2.5,RU,1655102545
433,harindanga,22.0383,88.3214,308.46,54,14,7.83,IN,1655102546
434,bada,51.392,109.8717,297.95,23,100,3.01,RU,1655102547
435,daru,-9.0763,143.2092,299.5,89,55,7.04,PG,1655102548
436,molepolole,-24.4066,25.4951,278.23,47,0,2.85,BW,1655102549
437,odessa,46.4775,30.7326,298.55,54,2,5.8,UA,1655102395
438,natal,-5.795,-35.2094,297.27,100,0,2.57,BR,1655102525
439,mabaruma,8.2,-59.7833,295.29,100,100,0.63,GY,1655102554
440,fort saint james,54.4333,-124.25,279.93,59,82,1.78,CA,1655102555
441,yaan,7.3833,8.5667,297.31,89,98,2.78,NG,1655102556
442,baybay,10.6833,124.8333,303.56,65,92,0.85,PH,1655102557
443,hurghada,27.2574,33.8129,304.17,45,0,8.23,EG,1655102558
444,kaseda,31.4167,130.3167,292.64,91,100,10.77,JP,1655102560
445,gold coast,-28.0,153.4333,292.19,80,40,4.12,AU,1655102562
446,ruidoso,33.3317,-105.673,298.99,27,40,5.14,US,1655102564
447,touros,-5.1989,-35.4608,296.41,87,12,3.85,BR,1655102549
448,vanimo,-2.6741,141.3028,301.92,70,0,4.7,PG,1655102566
449,koszalin,54.1944,16.1722,290.75,81,100,4.85,PL,1655102567
450,san patricio,28.017,-97.5169,302.09,82,2,6.25,US,1655102568
451,yangjiang,21.85,111.9667,302.09,83,100,5.25,CN,1655102339
452,boppard,50.2308,7.5899,291.43,59,11,2.07,DE,1655102570
453,samarinda,-0.5,117.15,301.81,72,100,1.37,ID,1655102572
454,deer lake,49.1667,-57.4316,283.07,76,75,4.12,CA,1655102573
455,bonthe,7.5264,-12.505,297.91,88,37,0.22,SL,1655102574
456,richards bay,-28.783,32.0377,290.46,44,7,3.77,ZA,1655102576
457,jumla,29.2747,82.1838,297.37,37,85,1.18,NP,1655102343
458,libreville,0.3925,9.4537,297.16,100,20,2.06,GA,1655102579
459,vanderhoof,54.0166,-124.0198,279.96,64,72,2.15,CA,1655102410
460,hovd,48.0056,91.6419,303.97,16,87,2.72,MN,1655102583
461,oeiras,-7.0253,-42.1311,295.2,85,59,0.88,BR,1655102584
462,buchanan,5.8808,-10.0467,297.26,91,64,3.11,LR,1655102585
463,catuday,16.2923,119.8062,302.57,68,100,5.08,PH,1655102586
464,teresina,-5.0892,-42.8019,297.99,88,0,0.0,BR,1655102505
465,seoul,37.5683,126.9778,301.93,53,75,6.17,KR,1655102317
466,nakasongola,1.3089,32.4564,298.61,54,53,2.61,UG,1655102590
467,sinnamary,5.3833,-52.95,297.58,88,9,2.4,GF,1655102591
468,mogadishu,2.0371,45.3438,302.08,70,40,8.75,SO,1655102405
469,shyryayeve,47.3805,30.1964,299.18,47,4,5.61,UA,1655102593
470,seminole,28.7086,-81.2081,299.49,90,0,1.54,US,1655102594
471,muzhi,65.3667,64.6667,283.36,51,98,5.74,RU,1655102595
472,vao,-22.6667,167.4833,295.04,73,100,4.91,NC,1655102597
473,hat yai,7.0084,100.4767,305.25,58,40,0.0,TH,1655102598
474,padang,-0.9492,100.3543,304.18,64,98,2.41,ID,1655102599
475,salym,60.0625,71.4789,284.76,94,100,3.0,RU,1655102600
476,goba,7.0167,39.9833,290.69,52,100,2.38,ET,1655102602
