,City,Lat,Lng,Max Temp,Humidity,Cloudiness,Wind Speed,Country,Date
0,kodiak,57.79,-152.4072,288.88,59,0,3.6,US,1655103142
1,puebloviejo,10.9938,-74.2844,298.28,77,32,2.26,CO,1655103143
2,busselton,-33.65,115.3333,289.3,69,85,7.05,AU,1655103145
3,san andres,12.5847,-81.7006,300.16,89,75,2.57,CO,1655103147
4,bytow,54.1706,17.4919,287.15,74,19,3.34,PL,1655103148
5,puerto ayora,-0.7393,-90.3518,295.12,91,86,0.89,EC,1655103149
6,rosetown,51.5501,-108.0014,288.14,67,99,5.14,CA,1655103152
7,inverell,-29.7833,151.1167,283.79,50,0,1.45,AU,1655103153
8,bethel,41.3712,-73.414,292.79,96,100,0.94,US,1655103125
9,nikolskoye,59.7035,30.7861,291.97,54,10,2.76,RU,1655103157
10,bredasdorp,-34.5322,20.0403,287.91,72,100,1.62,ZA,1655103158
11,rehoboth,-23.3167,17.0833,286.95,46,1,4.19,NA,1655103159
12,bluff,-46.6,168.3333,281.37,66,44,11.95,NZ,1655103160
13,dunda,-8.1167,34.25,294.59,43,12,3.54,TZ,1655103161
14,atuona,-9.8,-139.0333,298.64,66,92,8.79,PF,1655103165
15,hofn,64.2539,-15.2082,282.16,92,100,3.94,IS,1655103166
16,mataura,-46.1927,168.8643,281.19,88,75,4.67,NZ,1655103167
17,menomonie,44.8755,-91.9193,293.3,94,100,2.06,US,1655103105
18,hithadhoo,-0.6,73.0833,302.0,70,82,3.15,MV,1655103171
19,iqaluit,63.7506,-68.5145,275.0,87,75,4.12,CA,1655103172
20,nanortalik,60.1432,-45.2371,275.24,86,41,8.5,GL,1655103174
21,ndele,8.4109,20.6473,296.43,85,100,2.31,CF,1655103176
22,rikitea,-23.1203,-134.9692,295.98,66,36,5.0,PF,1655103177
23,jurm,36.8648,70.8342,298.84,43,46,4.12,AF,1655103178
24,hermanus,-34.4187,19.2345,289.15,82,100,5.28,ZA,1655103179
25,bambous virieux,-20.3428,57.7575,297.29,73,75,8.75,MU,1655103181
26,hamilton,39.1834,-84.5333,297.03,92,40,2.57,US,1655103025
27,sao joao da barra,-21.6403,-41.0511,292.05,65,100,8.21,BR,1655103183
28,kvarkeno,52.0833,59.725,287.0,61,100,4.18,RU,1655103184
29,maldonado,-34.6667,-54.9167,275.81,87,46,1.21,UY,1655103114
30,luderitz,-26.6481,15.1594,288.49,64,100,4.32,NA,1655103188
31,punta arenas,-53.15,-70.9167,280.21,93,75,3.09,CL,1655103189
32,tanout,14.9709,8.8879,303.37,40,5,6.75,NE,1655103190
33,quelimane,-17.8786,36.8883,293.56,89,22,1.63,MZ,1655103192
34,arman,59.7,150.1667,284.27,88,98,2.66,RU,1655103193
35,andenes,69.3143,16.1194,281.14,93,75,4.12,NO,1655103194
36,bania,44.8958,22.0447,294.83,76,8,1.36,RO,1655103195
37,arraial do cabo,-22.9661,-42.0278,292.61,66,100,11.2,BR,1655103196
38,labrea,-7.2586,-64.7981,294.07,83,100,1.57,BR,1655103198
39,port alfred,-33.5906,26.891,297.09,36,100,6.95,ZA,1655103199
40,kapoeta,4.7717,33.5903,303.1,41,7,8.88,SS,1655103200
41,nhulunbuy,-12.2333,136.7667,299.49,69,100,5.14,AU,1655103202
42,fortuna,40.5982,-124.1573,286.29,86,100,5.14,US,1655103203
43,galway,53.2719,-9.0489,286.23,79,100,4.47,IE,1655103204
44,kaeo,-35.1,173.7833,286.66,75,62,7.71,NZ,1655103205
45,ushuaia,-54.8,-68.3,279.11,94,82,2.32,AR,1655103038
46,kapaa,22.0752,-159.319,297.86,84,41,2.68,US,1655103208
47,cape town,-33.9258,18.4232,287.74,94,75,7.2,ZA,1655103040
48,hobart,-42.8794,147.3294,283.07,72,20,3.6,AU,1655103021
49,cidreira,-30.1811,-50.2056,283.69,75,100,6.33,BR,1655103212
50,korla,41.7597,86.1469,309.16,6,7,0.35,CN,1655103214
51,belmonte,-15.8631,-38.8828,295.25,83,11,1.59,BR,1655103215
52,albany,42.6001,-73.9662,291.7,93,87,1.24,US,1655103216
53,krasnoselkup,65.7,82.4667,296.89,44,81,3.97,RU,1655103217
54,pinar del rio,22.4175,-83.6981,296.63,87,5,2.14,CU,1655103218
55,upernavik,72.7868,-56.1549,271.0,96,100,1.66,GL,1655103220
56,new norfolk,-42.7826,147.0587,282.87,81,30,1.34,AU,1655103221
57,vimperk,49.0586,13.7829,290.77,93,100,5.19,CZ,1655103222
58,hilo,19.7297,-155.09,298.86,88,40,3.13,US,1655103074
59,manzanillo,20.3433,-77.1167,297.46,85,94,1.35,CU,1655103224
60,kolpny,52.2282,37.0368,294.04,76,35,1.8,RU,1655103225
61,kupang,-10.1667,123.5833,301.72,58,7,4.29,ID,1655103227
62,lagoa,39.05,-27.9833,289.81,82,34,8.28,PT,1655103228
63,alyangula,-13.8483,136.4192,297.86,61,21,6.09,AU,1655103230
64,tasiilaq,65.6145,-37.6368,274.91,99,100,1.51,GL,1655103231
65,kabarnet,0.4919,35.743,292.91,59,15,1.32,KE,1655103233
66,malanje,-9.5402,16.341,290.97,37,8,1.7,AO,1655103234
67,kautokeino,69.0125,23.0412,286.09,57,64,0.89,NO,1655103236
68,carnarvon,-24.8667,113.6333,294.83,52,0,5.47,AU,1655103238
69,sao felix do xingu,-6.6447,-51.995,294.06,99,82,0.5,BR,1655103239
70,lorengau,-2.0226,147.2712,301.59,72,57,5.25,PG,1655103241
71,bremerton,47.5673,-122.6326,285.28,85,100,2.06,US,1655103167
72,opunake,-39.4556,173.8583,286.4,80,21,13.81,NZ,1655103243
73,minatitlan,17.9833,-94.5167,298.04,88,100,2.0,MX,1655103244
74,east london,-33.0153,27.9116,297.67,29,0,8.23,ZA,1655103245
75,qaanaaq,77.484,-69.3632,267.57,67,0,2.23,GL,1655103246
76,gat,31.61,34.7642,299.14,100,99,4.44,IL,1655103184
77,kaitangata,-46.2817,169.8464,280.08,80,98,7.09,NZ,1655103249
78,ust-nera,64.5667,143.2,291.45,34,100,2.24,RU,1655103250
79,port elizabeth,-33.918,25.5701,290.55,66,0,2.06,ZA,1655103085
80,moroto,2.5345,34.6666,296.47,58,42,0.4,UG,1655103252
81,benxi,41.2886,123.765,291.33,80,100,3.6,CN,1655103253
82,kalamare,-22.9337,26.5703,287.95,41,0,2.3,BW,1655103254
83,cherskiy,68.75,161.3,293.9,30,33,3.91,RU,1655103132
84,shingu,33.7333,135.9833,294.45,75,100,2.83,JP,1655103257
85,acapulco,16.8634,-99.8901,298.83,85,74,2.9,MX,1655103091
86,grand gaube,-20.0064,57.6608,297.37,71,62,5.36,MU,1655103259
87,altay,47.8667,88.1167,304.04,24,100,1.81,CN,1655103260
88,kasongo,-4.45,26.6667,300.7,42,94,3.03,CD,1655103261
89,jamestown,42.097,-79.2353,288.92,66,38,0.24,US,1655103012
90,severo-kurilsk,50.6789,156.125,280.11,87,55,4.6,RU,1655103238
91,inirida,3.8653,-67.9239,293.81,99,100,0.4,CO,1655103265
92,nagato,34.3833,131.2,294.3,76,100,2.52,JP,1655103267
93,khandyga,62.6667,135.6,290.71,45,100,2.45,RU,1655103268
94,sechura,-5.5569,-80.8222,290.61,81,85,3.87,PE,1655103269
95,saint-pierre,-21.3393,55.4781,294.97,88,75,10.8,RE,1655103270
96,taoudenni,22.6783,-3.9836,307.47,24,99,1.02,ML,1655103271
97,avarua,-21.2078,-159.775,297.18,78,20,2.57,CK,1655103273
98,esperance,-33.8667,121.9,290.06,78,100,16.16,AU,1655103274
99,college,64.8569,-147.8028,291.14,59,0,0.0,US,1655103275
100,virginia beach,36.8529,-75.978,296.49,93,40,2.57,US,1655103111
101,saint george,37.1041,-113.5841,305.48,9,0,6.17,US,1655103062
102,sao filipe,14.8961,-24.4956,295.86,83,5,3.84,CV,1655103175
103,kanniyakumari,8.0833,77.5667,303.64,65,9,8.91,IN,1655103279
104,abalak,58.1286,68.5944,283.73,98,100,2.67,RU,1655103280
105,birjand,32.8663,59.2211,307.41,11,0,2.06,IR,1655103282
106,voloshka,61.3314,40.0858,289.22,61,100,2.8,RU,1655103283
107,taltal,-25.4,-70.4833,287.07,76,30,1.06,CL,1655103021
108,faanui,-16.4833,-151.75,299.53,71,96,9.24,PF,1655103286
109,muscat,23.6139,58.5922,305.4,64,1,5.41,OM,1655103051
110,malindi,-3.2175,40.1191,301.24,69,40,10.29,KE,1655103288
111,letlhakane,-21.4167,25.5833,289.58,41,0,4.59,BW,1655103289
112,vanimo,-2.6741,141.3028,301.92,70,0,4.7,PG,1655103290
113,tadine,-21.55,167.8833,296.04,89,100,6.21,NC,1655103291
114,margate,51.3813,1.3862,289.09,69,0,1.79,GB,1655103293
115,jyvaskyla,62.2415,25.7209,288.68,79,20,4.12,FI,1655103003
116,san quintin,30.4833,-115.95,290.5,91,62,3.9,MX,1655103295
117,sur,22.5667,59.5289,307.75,47,0,3.49,OM,1655103296
118,banda aceh,5.5577,95.3222,302.89,69,92,3.3,ID,1655103297
119,gunnedah,-30.9833,150.25,282.98,62,0,1.06,AU,1655103299
120,novoagansk,61.9449,76.6625,291.28,69,100,4.68,RU,1655103300
121,yaan,7.3833,8.5667,297.31,89,98,2.78,NG,1655103301
122,magadan,59.5667,150.8,284.0,83,79,3.41,RU,1655103302
123,seidu,9.0167,-10.6,293.44,98,95,0.46,SL,1655103303
124,cabo san lucas,22.8909,-109.9124,302.38,69,7,5.51,MX,1655103282
125,athabasca,54.7169,-113.2854,284.38,79,47,3.26,CA,1655103101
126,ancud,-41.8697,-73.8203,283.28,92,100,4.54,CL,1655103307
127,khor,47.8861,134.9464,297.6,59,64,2.54,RU,1655103308
128,antofagasta,-23.65,-70.4,285.75,76,13,2.6,CL,1655103309
129,isilkul,54.9109,71.2728,293.39,56,75,3.48,RU,1655103310
130,petropavlovsk-kamchatskiy,53.0452,158.6483,290.48,45,20,5.0,RU,1655103311
131,kwekwe,-18.9281,29.8149,288.56,55,0,1.81,ZW,1655103313
132,megali panayia,40.45,23.6833,297.54,56,94,1.85,GR,1655103314
133,arlit,18.7369,7.3853,308.34,15,43,4.99,NE,1655103316
134,castro,-24.7911,-50.0119,275.65,75,0,1.12,BR,1655103317
135,bengkulu,-3.8004,102.2655,302.02,64,100,2.3,ID,1655103319
136,puerto escondido,15.85,-97.0667,298.61,85,100,1.43,MX,1655103320
137,zhigansk,66.7697,123.3711,283.66,88,100,3.84,RU,1655103276
138,chuy,-33.6971,-53.4616,280.26,95,9,1.9,UY,1655103322
139,georgetown,5.4112,100.3354,305.11,69,20,3.6,MY,1655103323
140,thompson,55.7435,-97.8558,284.24,82,40,1.03,CA,1655103324
141,caconda,-13.7333,15.0667,287.43,43,0,1.74,AO,1655103326
142,usinsk,65.9939,57.5281,287.34,24,0,4.2,RU,1655103327
143,biak,-0.9131,122.8766,301.06,71,50,2.56,ID,1655103328
144,yellowknife,62.456,-114.3525,284.44,87,20,1.03,CA,1655103329
145,sembakung,3.8167,117.25,307.14,43,100,1.64,ID,1655103331
146,charlestown,-32.95,151.6667,288.05,67,0,0.89,AU,1655103332
147,katsuura,35.1333,140.3,293.04,67,100,6.54,JP,1655103333
148,hami,42.8,93.45,310.98,4,0,1.13,CN,1655103334
149,butaritari,3.0707,172.7902,301.31,67,23,6.0,KI,1655103335
150,maniitsoq,65.4167,-52.9,274.3,79,76,7.82,GL,1655103337
151,san cristobal,7.7669,-72.225,290.44,98,83,1.38,VE,1655103338
152,srednekolymsk,67.45,153.6833,295.52,25,8,7.03,RU,1655103339
153,ostrovnoy,68.0531,39.5131,286.39,75,100,1.96,RU,1655103340
154,lebu,-37.6167,-73.65,281.64,88,39,4.84,CL,1655103341
155,pohrebyshche,49.4864,29.2636,294.47,69,0,3.68,UA,1655103343
156,salym,60.0625,71.4789,284.76,94,100,3.0,RU,1655103344
157,torbay,47.6666,-52.7314,279.75,89,40,3.09,CA,1655103345
158,honningsvag,70.9821,25.9704,279.6,87,100,8.66,NO,1655103346
159,mingyue,43.1069,128.9217,288.2,92,100,2.49,CN,1655103349
160,mandalgovi,45.7625,106.2708,297.42,21,12,6.37,MN,1655103260
161,mount isa,-20.7333,139.5,296.02,17,6,3.09,AU,1655103224
162,khorramshahr,30.4397,48.1664,318.12,14,0,2.06,IR,1655103352
163,clyde river,70.4692,-68.5914,272.28,93,100,1.03,CA,1655103354
164,borogontsy,62.6683,131.1683,290.52,46,100,2.14,RU,1655103355
165,bara,10.3744,10.7288,299.27,67,98,4.22,NG,1655103356
166,bandarbeyla,9.4942,50.8122,305.35,47,100,11.74,SO,1655103359
167,chauk,20.8833,94.8167,311.42,33,100,3.87,MM,1655103360
168,ivangorod,59.3716,28.2162,289.18,59,100,3.95,RU,1655103361
169,pevek,69.7008,170.3133,277.28,67,92,5.03,RU,1655103362
170,barrow,71.2906,-156.7887,270.16,100,100,3.09,US,1655103363
171,tuktoyaktuk,69.4541,-133.0374,273.55,90,98,3.51,CA,1655103211
172,maragogi,-9.0122,-35.2225,296.23,90,70,1.72,BR,1655103366
173,verkhnevilyuysk,63.4453,120.3167,286.52,75,94,2.26,RU,1655103367
174,pak phanang,8.3511,100.202,307.16,66,88,2.58,TH,1655103369
175,namibe,-15.1961,12.1522,294.42,54,0,4.05,AO,1655103370
176,codrington,-38.2667,141.9667,284.71,75,100,2.05,AU,1655103371
177,ribeira grande,38.5167,-28.7,290.37,77,40,5.14,PT,1655103124
178,kazachinskoye,57.6953,93.2761,300.98,32,53,3.89,RU,1655103373
179,port hardy,50.6996,-127.4199,283.15,76,20,3.6,CA,1655103236
180,souillac,-20.5167,57.5167,297.36,73,75,8.75,MU,1655103375
181,elko,41.0002,-115.5012,286.16,57,0,5.81,US,1655103377
182,jalu,29.0331,21.5482,299.13,45,0,5.55,LY,1655103378
183,galle,6.0367,80.217,301.8,75,96,6.06,LK,1655103379
184,chachapoyas,-6.2317,-77.869,283.84,97,100,1.38,PE,1655103380
185,mar del plata,-38.0023,-57.5575,280.98,74,0,2.68,AR,1655103382
186,montepuez,-13.1256,38.9997,295.8,54,0,3.86,MZ,1655103384
187,caravelas,-17.7125,-39.2481,293.44,95,100,1.63,BR,1655103385
188,san juan,-31.5375,-68.5364,282.51,45,5,0.92,AR,1655103359
189,sobolevo,54.4299,31.8996,292.37,75,69,3.7,RU,1655103388
190,bathsheba,13.2167,-59.5167,300.49,78,20,7.72,BB,1655103390
191,kenai,60.5544,-151.2583,288.72,80,0,3.6,US,1655103095
192,parrita,9.5201,-84.3225,296.59,86,100,1.42,CR,1655103392
193,geraldton,-28.7667,114.6,293.38,52,100,5.14,AU,1655103394
194,hailar,49.2,119.7,293.03,63,100,5.32,CN,1655103396
195,huayucachi,-12.1333,-75.2333,279.09,92,100,0.46,PE,1655103397
196,smithers,54.7804,-127.1743,281.33,76,0,2.06,CA,1655103398
197,chimbote,-9.0853,-78.5783,289.9,85,93,2.79,PE,1655103399
198,mogadishu,2.0371,45.3438,302.08,70,40,8.75,SO,1655103400
199,tamworth,52.634,-1.6959,287.38,78,87,1.79,GB,1655103402
200,mayumba,-3.432,10.6554,297.74,81,61,1.72,GA,1655103403
201,nador,35.174,-2.9287,295.29,83,20,0.51,MA,1655103405
202,bonavista,48.6499,-53.1147,278.01,91,3,3.34,CA,1655103406
203,coahuayana,18.7333,-103.6833,299.23,81,93,1.09,MX,1655103408
204,san luis,-33.295,-66.3356,282.99,51,99,5.08,AR,1655103131
205,yerbogachen,61.2767,108.0108,293.2,38,100,1.35,RU,1655103410
206,seoul,37.5683,126.9778,301.93,53,75,6.17,KR,1655103329
207,dali,25.7,100.1833,297.58,57,100,2.63,CN,1655103412
208,ponta do sol,32.6667,-17.1,293.71,76,38,0.41,PT,1655103413
209,umea,63.8284,20.2597,290.11,67,0,2.06,SE,1655103145
210,rakaia,-43.75,172.0167,281.64,67,16,6.99,NZ,1655103417
211,port lincoln,-34.7333,135.8667,288.55,61,63,5.55,AU,1655103418
212,deder,9.3167,41.45,293.71,53,75,3.2,ET,1655103419
213,bougouni,11.417,-7.479,298.56,79,93,1.55,ML,1655103420
214,hualmay,-11.0964,-77.6139,289.42,85,51,4.45,PE,1655103421
215,schwarzenbek,53.5,10.4833,288.7,80,100,5.33,DE,1655103423
216,vaini,-21.2,-175.2,298.24,94,75,2.06,TO,1655103425
217,los llanos de aridane,28.6585,-17.9182,292.01,92,75,0.51,ES,1655103427
218,matagami,49.7502,-77.6328,285.21,100,75,3.6,CA,1655103428
219,liverpool,53.4106,-2.9779,287.67,78,75,6.69,GB,1655103429
220,husavik,66.0449,-17.3389,281.04,85,100,1.79,IS,1655103337
221,ciudad bolivar,8.1222,-63.5497,296.99,89,100,1.07,VE,1655103432
222,tubuala,9.5167,-79.0333,299.05,81,100,2.2,PA,1655103433
223,mont-de-marsan,44.0,-0.6667,295.81,97,100,0.0,FR,1655103434
224,vestmannaeyjar,63.4427,-20.2734,282.73,98,100,5.26,IS,1655103435
225,andilamena,-17.0167,48.5833,291.91,67,6,4.37,MG,1655103437
226,pathein,16.7833,94.7333,301.21,81,100,2.32,MM,1655103438
227,port hedland,-20.3167,118.5667,302.18,20,0,5.14,AU,1655103439
228,rantauprapat,2.1,99.8333,305.95,56,93,1.43,ID,1655103440
229,djibo,14.1022,-1.6306,304.21,47,4,4.21,BF,1655103441
230,churu,28.3,74.95,314.7,21,0,4.05,IN,1655103443
231,demirci,39.0461,28.6589,291.9,64,28,3.1,TR,1655103444
232,yulara,-25.2406,130.9889,293.25,25,0,1.52,AU,1655103445
233,rognan,67.0953,15.3878,286.9,82,100,0.94,NO,1655103447
234,lavrentiya,65.5833,-171.0,277.2,71,100,1.84,RU,1655103448
235,estevan,49.1334,-102.9842,290.34,82,75,3.6,CA,1655103400
236,quartucciu,39.2519,9.1794,297.04,46,0,4.12,IT,1655103450
237,saskylakh,71.9167,114.0833,295.12,24,0,3.47,RU,1655103451
238,komsomolskiy,40.4272,71.7189,299.55,36,100,4.12,UZ,1655103452
239,le port,-20.9373,55.2919,295.15,85,35,2.42,RE,1655103454
240,ahipara,-35.1667,173.1667,286.96,71,31,10.14,NZ,1655103455
241,hasaki,35.7333,140.8333,296.09,63,86,5.42,JP,1655103172
242,cleethorpes,53.5605,-0.0323,288.13,72,7,5.76,GB,1655103457
243,uaua,-9.8414,-39.4817,294.68,85,100,3.86,BR,1655103459
244,abu road,24.4833,72.7833,306.26,46,70,2.84,IN,1655103461
245,coihaique,-45.5752,-72.0662,275.49,93,100,1.03,CL,1655103421
246,ola,59.5833,151.2833,284.34,82,37,4.07,RU,1655103463
247,klaksvik,62.2266,-6.589,282.66,87,90,2.51,FO,1655103464
248,sorong,-0.8833,131.25,301.82,71,70,0.66,ID,1655103465
249,kharp,66.8014,65.8081,284.0,48,100,4.63,RU,1655103466
250,toumodi,6.5613,-5.0158,294.6,97,94,1.28,CI,1655103468
251,dingle,10.9995,122.6711,304.61,62,91,2.88,PH,1655103469
252,hurricane,37.1753,-113.2899,296.34,18,0,3.37,US,1655103471
253,beringovskiy,63.05,179.3167,281.32,58,91,3.61,RU,1655103472
254,dasoguz,41.8363,59.9666,305.12,19,0,4.12,TM,1655103473
255,bauchi,10.5,10.0,300.0,56,7,2.27,NG,1655103475
256,te anau,-45.4167,167.7167,275.03,91,99,0.74,NZ,1655103476
257,biltine,14.5333,20.9167,303.3,42,100,3.52,TD,1655103478
258,bogotol,56.2078,89.5342,299.26,49,27,3.31,RU,1655103479
259,strezhevoy,60.7333,77.5889,290.24,74,98,5.97,RU,1655103481
260,flinders,-34.5833,150.8552,284.85,69,4,1.24,AU,1655103482
261,tchollire,8.4022,14.1698,298.09,72,100,1.87,CM,1655103484
262,talnakh,69.4865,88.3972,293.82,34,78,1.89,RU,1655103486
263,matay,28.419,30.7792,301.96,38,0,3.63,EG,1655103488
264,katwijk,52.1942,4.4222,289.79,71,6,6.89,NL,1655103295
265,manggar,-2.8833,108.2667,302.14,69,33,3.72,ID,1655103490
266,bolbec,49.5732,0.4734,290.16,73,6,3.11,FR,1655103491
267,khatanga,71.9667,102.5,295.54,27,100,2.5,RU,1655103492
268,imeni poliny osipenko,52.4201,136.4853,299.88,46,100,4.05,RU,1655103493
269,kem,64.9555,34.5793,291.07,53,9,3.18,RU,1655103495
270,omboue,-1.5746,9.2618,298.11,84,100,2.8,GA,1655103496
271,dikson,73.5069,80.5464,272.39,90,100,7.62,RU,1655103498
272,naron,43.5167,-8.1528,292.62,83,88,6.36,ES,1655103499
273,pauini,-7.7136,-66.9764,293.02,75,100,1.9,BR,1655103501
274,saint anthony,45.0205,-93.218,294.63,86,100,0.89,US,1655103487
275,chumikan,54.7183,135.315,278.63,91,100,3.72,RU,1655103505
276,saldanha,-33.0117,17.9442,286.18,92,100,8.54,ZA,1655103506
277,narsaq,60.9167,-46.05,276.32,82,88,1.63,GL,1655103508
278,chabahar,25.2919,60.643,303.77,70,0,6.12,IR,1655103510
279,qaqortoq,60.7167,-46.0333,276.19,81,78,2.56,GL,1655103511
280,oneida,43.2001,-75.4663,290.9,96,75,0.0,US,1655103512
281,tilichiki,60.4667,166.1,282.91,58,100,0.99,RU,1655103513
282,tuatapere,-46.1333,167.6833,279.92,77,87,7.35,NZ,1655103514
283,paracuru,-3.41,-39.0306,297.65,90,19,3.52,BR,1655103516
284,challapata,-18.9,-66.7667,272.02,17,0,0.66,BO,1655103517
285,asbe teferi,9.0833,40.8667,297.18,49,82,3.23,ET,1655103518
286,naze,28.3667,129.4833,298.66,85,100,9.99,JP,1655103280
287,hovd,48.0056,91.6419,303.97,16,87,2.72,MN,1655103522
288,baykit,61.67,96.37,297.9,38,100,2.69,RU,1655103523
289,wanning,18.8003,110.3967,304.06,72,100,6.95,CN,1655103526
290,victoria,22.2855,114.1577,306.03,82,90,8.49,HK,1655103490
291,salinopolis,-0.6136,-47.3561,298.54,83,2,3.04,BR,1655103530
292,ammon,43.4696,-111.9666,285.56,92,100,3.58,US,1655103532
293,presidente epitacio,-21.7633,-52.1156,281.13,75,73,1.84,BR,1655103533
294,forestville,38.8451,-76.875,295.63,96,29,1.51,US,1655103534
295,maxixe,-23.8597,35.3472,294.05,88,40,0.0,MZ,1655103535
296,muirkirk,55.5227,-4.0655,284.62,89,100,4.63,GB,1655103536
297,haines junction,60.7522,-137.5108,283.12,62,100,3.6,CA,1655103540
298,verkhneyarkeyevo,55.4505,54.3145,289.19,65,5,5.64,RU,1655103541
299,kirakira,-10.4544,161.9205,300.03,81,18,3.67,SB,1655103542
300,doctor juan leon mallorquin,-25.4,-55.2667,278.0,87,0,1.49,PY,1655103543
301,sept-iles,50.2001,-66.3821,285.15,82,20,4.12,CA,1655103545
302,kurilsk,45.2333,147.8833,282.9,75,100,2.84,RU,1655103547
303,saint-joseph,-21.3667,55.6167,294.36,80,68,7.72,RE,1655103549
304,effingham,32.3669,-81.3332,297.56,96,77,2.11,US,1655103550
305,amargosa,-13.0303,-39.6047,291.31,96,67,0.89,BR,1655103551
306,nautla,20.2167,-96.7833,299.31,79,98,5.05,MX,1655103552
307,maceio,-9.6658,-35.7353,295.84,88,0,0.51,BR,1655103553
308,bubaque,11.2833,-15.8333,299.73,82,66,3.94,GW,1655103555
309,vila velha,-20.3297,-40.2925,294.12,87,100,7.15,BR,1655103557
310,saint-philippe,-21.3585,55.7679,294.92,84,100,7.88,RE,1655103559
311,itarema,-2.9248,-39.9167,296.72,88,21,3.64,BR,1655103560
312,monrovia,6.3005,-10.7969,297.77,87,67,3.16,LR,1655103561
313,mahebourg,-20.4081,57.7,297.31,73,75,8.75,MU,1655103563
314,rapid valley,44.0625,-103.1463,291.52,82,100,9.26,US,1655103564
315,provideniya,64.3833,-173.3,278.85,67,100,1.55,RU,1655103565
316,kisangani,0.5167,25.2,299.05,77,26,0.65,CD,1655103567
317,berlevag,70.8578,29.0864,280.12,81,75,9.77,NO,1655103569
318,tiksi,71.6872,128.8694,280.89,63,38,2.81,RU,1655103572
319,chapais,49.7834,-74.8492,284.03,98,81,1.61,CA,1655103574
320,kavieng,-2.5744,150.7967,301.73,71,50,5.73,PG,1655103576
321,corinto,37.9407,22.9573,299.2,65,98,0.89,GR,1655103577
322,svetlogorsk,52.6333,29.7333,293.25,64,95,3.09,BY,1655103580
323,senanga,-16.1167,23.2667,289.83,48,1,2.83,ZM,1655103581
324,asau,46.4333,26.4,297.57,48,0,2.25,RO,1655103583
325,alugan,12.2188,125.4808,302.89,68,51,3.37,PH,1655103584
326,pacific grove,36.6177,-121.9166,288.16,85,75,7.15,US,1655103585
327,sitka,57.0531,-135.33,282.86,92,100,1.12,US,1655103580
328,san jeronimo,-11.9472,-75.2829,278.48,90,100,0.8,PE,1655103588
329,okhotsk,59.3833,143.3,279.51,91,100,2.51,RU,1655103589
330,medicine hat,50.0501,-110.6683,289.39,65,100,7.2,CA,1655103460
331,karratha,-20.7377,116.8463,299.51,37,17,6.58,AU,1655103593
332,la palma,33.8464,-118.0467,293.88,86,100,3.6,US,1655103594
333,sonder bjert,55.4527,9.5674,287.12,70,94,5.29,DK,1655103595
334,shellbrook,53.2168,-106.4011,286.72,94,100,2.93,CA,1655103535
335,rawson,-43.3002,-65.1023,285.58,28,100,4.96,AR,1655103598
336,muriti,-1.9833,32.9167,296.0,65,73,6.08,TZ,1655103599
337,vao,-22.6667,167.4833,294.91,74,100,5.73,NC,1655103600
338,porosozero,62.7191,32.727,290.42,61,42,3.61,RU,1655103601
339,mufumbwe,-13.6833,24.8,289.88,51,0,3.12,ZM,1655103603
340,mackenzie,55.2999,-123.1698,279.96,67,59,0.46,CA,1655103605
341,vila franca do campo,37.7167,-25.4333,289.93,89,99,3.49,PT,1655103606
342,miandrivazo,-19.5167,45.4667,299.49,33,19,2.97,MG,1655103608
343,namatanai,-3.6667,152.4333,301.17,72,44,3.35,PG,1655103610
344,dharchula,29.85,80.5333,307.27,23,54,2.61,IN,1655103612
345,pilar,-9.5972,-35.9567,295.11,94,85,1.49,BR,1655103448
346,boyolangu,-8.1181,111.8935,300.94,78,99,1.92,ID,1655103630
347,norman wells,65.282,-126.8329,277.38,98,100,5.06,CA,1655103638
348,avera,33.194,-82.5271,299.18,73,15,2.12,US,1655103647
349,kavaratti,10.5669,72.642,301.53,75,100,7.19,IN,1655103655
350,isiolo,0.3546,37.5822,298.51,47,37,2.15,KE,1655103662
351,hay river,60.8156,-115.7999,285.14,71,20,1.54,CA,1655103487
352,tual,-5.6667,132.75,300.78,78,100,4.34,ID,1655103664
353,stepnyak,52.8339,70.7803,294.65,52,60,2.25,KZ,1655103666
354,almaznyy,48.0448,40.045,298.41,47,0,5.02,RU,1655103667
355,riyadh,24.6877,46.7219,311.23,7,0,2.99,SA,1655103592
356,marawi,7.9986,124.2928,298.19,83,95,1.61,PH,1655103669
357,nikita,44.5333,34.2333,294.77,52,12,5.36,UA,1655103671
358,auki,-8.7676,160.7034,299.51,83,14,1.86,SB,1655103673
359,olafsvik,64.8945,-23.7142,282.6,95,100,6.56,IS,1655103675
360,karasjok,69.4719,25.5112,285.95,56,72,1.95,NO,1655103677
361,kuching,1.55,110.3333,302.27,79,40,1.54,MY,1655103600
362,gordeyevka,52.9569,31.9703,293.55,69,9,3.87,RU,1655103680
363,atar,20.5169,-13.0499,305.24,14,0,1.82,MR,1655103456
364,kallithea,37.95,23.7,300.66,56,75,4.12,GR,1655103682
365,det udom,14.906,105.0784,305.52,54,58,4.62,TH,1655103684
366,christchurch,-43.5333,172.6333,283.26,67,100,8.75,NZ,1655103502
367,ribeira brava,32.65,-17.0667,293.71,78,44,0.64,PT,1655103687
368,dana point,33.467,-117.6981,292.56,88,4,4.92,US,1655103689
369,berbera,10.4396,45.0143,309.77,36,99,3.3,SO,1655103690
370,carutapera,-1.195,-46.02,296.7,91,1,1.59,BR,1655103691
371,dudinka,69.4058,86.1778,294.05,35,99,4.73,RU,1655103692
372,la ronge,55.1001,-105.2842,288.29,77,75,2.57,CA,1655103492
373,chifeng,42.2683,118.9636,296.46,39,84,5.47,CN,1655103695
374,muisne,0.6,-80.0333,297.35,84,100,2.97,EC,1655103696
375,vanavara,60.34,102.2797,298.43,40,91,1.16,RU,1655103697
376,jiexiu,37.0244,111.9125,302.66,18,9,6.46,CN,1655103698
377,prince rupert,54.3161,-130.3201,282.98,88,100,2.06,CA,1655103490
378,leirvik,59.7798,5.5005,284.61,100,75,2.57,NO,1655103702
379,soe,-9.8607,124.284,298.59,50,15,3.53,ID,1655103703
380,chokurdakh,70.6333,147.9167,295.13,17,6,4.96,RU,1655103705
381,longyearbyen,78.2186,15.6401,277.06,87,75,2.06,SJ,1655103706
382,san benito,36.6166,-121.0844,284.54,85,84,3.13,US,1655103707
383,gravelbourg,49.8834,-106.5512,288.18,67,20,1.43,CA,1655103708
384,balkanabat,39.5108,54.3671,308.32,17,45,5.15,TM,1655103709
385,wewak,-3.5534,143.6268,301.83,71,95,3.8,PG,1655103711
386,caibarien,22.5206,-79.4669,298.49,91,56,3.26,CU,1655103712
387,lahat,-3.8,103.5333,305.26,53,100,1.23,ID,1655103714
388,buraydah,26.326,43.975,312.02,7,0,4.65,SA,1655103715
389,coquimbo,-29.9533,-71.3436,284.44,91,100,0.61,CL,1655103716
390,guia de isora,28.2115,-16.7795,291.14,79,1,1.12,ES,1655103717
391,hirara,24.8,125.2833,300.73,87,100,9.49,JP,1655103719
392,balestrand,61.2076,6.5334,284.81,87,100,2.09,NO,1655103720
393,najran,17.4924,44.1277,308.28,8,100,1.36,SA,1655103721
394,lasa,46.6166,10.7002,290.76,77,100,1.01,IT,1655103722
395,tommot,58.9564,126.2925,293.6,32,100,1.51,RU,1655103724
396,port macquarie,-31.4333,152.9167,286.42,77,11,2.39,AU,1655103726
397,mbandaka,0.0487,18.2603,295.7,84,100,1.23,CD,1655103728
398,dera bugti,29.0307,69.151,310.79,26,6,4.38,PK,1655103729
399,miquelon,47.0975,-56.3814,282.15,95,45,2.6,PM,1655103730
400,voyvozh,62.892,54.9635,289.57,22,4,3.57,RU,1655103732
401,guerrero negro,27.9769,-114.0611,290.51,93,48,5.92,MX,1655103659
402,conceicao do araguaia,-8.2578,-49.2647,294.85,93,96,1.37,BR,1655103728
403,alofi,-19.0595,-169.9187,299.26,78,36,7.42,NU,1655103737
404,faya,18.3851,42.4509,301.63,13,9,4.16,SA,1655103738
405,aklavik,68.2191,-135.0107,276.55,86,100,4.27,CA,1655103740
406,bahile,9.9995,118.7878,302.68,68,100,1.23,PH,1655103742
407,balikpapan,-1.2675,116.8289,300.7,89,40,3.09,ID,1655103743
408,humen,22.819,113.6731,306.0,77,100,5.35,CN,1655103744
409,palmas bellas,9.2319,-80.0867,299.27,92,100,1.77,PA,1655103746
410,bat yam,32.0231,34.7503,300.39,64,40,6.17,IL,1655103747
411,mashhad,36.297,59.6062,300.23,44,0,3.09,IR,1655103745
412,moron,-34.6534,-58.6198,282.58,88,11,2.09,AR,1655103749
413,oussouye,12.485,-16.5469,298.38,79,38,2.81,SN,1655103751
414,ulaangom,49.9811,92.0667,303.88,21,27,3.91,MN,1655103752
415,miracema do tocantins,-9.5618,-48.3967,297.33,67,92,0.44,BR,1655103754
416,meulaboh,4.1363,96.1285,303.17,63,87,3.82,ID,1655103755
417,turukhansk,65.8167,87.9833,297.61,43,70,3.28,RU,1655103757
418,fort-shevchenko,44.5086,50.263,300.36,40,100,5.03,KZ,1655103758
419,grindavik,63.8424,-22.4338,282.41,100,100,5.14,IS,1655103759
420,brownsville,25.9018,-97.4975,301.12,86,0,6.17,US,1655103744
421,puerto quijarro,-17.7833,-57.7667,282.25,48,18,1.45,BO,1655103763
422,perth,-31.9333,115.8333,291.67,62,75,8.23,AU,1655103469
423,colatina,-19.5394,-40.6306,293.52,90,100,1.09,BR,1655103765
424,phalombe,-15.8064,35.6507,293.23,63,3,0.94,MW,1655103766
425,sao luiz gonzaga,-28.4083,-54.9608,277.16,83,0,1.86,BR,1655103681
426,gornopravdinsk,60.05,69.9,283.28,96,100,3.22,RU,1655103768
427,rio branco do sul,-25.19,-49.3142,277.49,83,0,1.15,BR,1655103770
428,verkhoyansk,67.5447,133.385,293.32,39,74,5.64,RU,1655103771
429,fairbanks,64.8378,-147.7164,289.38,61,28,0.45,US,1655103578
430,rairangpur,22.2676,86.1751,316.38,18,21,4.42,IN,1655103773
431,donskoy,53.9711,38.3363,292.76,80,98,5.04,RU,1655103774
432,bath,51.3779,-2.3591,288.5,82,31,2.29,GB,1655103709
433,zeya,53.75,127.2667,290.35,90,100,1.29,RU,1655103776
434,labuan,5.2767,115.2417,301.52,70,98,2.65,MY,1655103778
435,sola,-13.8833,167.55,300.31,74,11,5.9,VU,1655103779
436,flin flon,54.7682,-101.865,285.5,93,36,3.18,CA,1655103780
437,nantucket,41.2835,-70.0995,291.49,93,75,5.14,US,1655103720
438,san ramon,37.7799,-121.978,288.61,82,1,1.79,US,1655103597
439,watsa,3.0372,29.5355,296.91,69,77,1.17,CD,1655103784
440,siuri,23.9167,87.5333,310.27,15,36,2.22,IN,1655103785
441,myitkyina,25.3833,97.4,298.36,92,100,1.24,MM,1655103787
442,esso,55.9333,158.7,279.83,95,99,1.17,RU,1655103788
443,teguise,29.0605,-13.564,292.27,78,75,4.63,ES,1655103789
444,lompoc,34.6391,-120.4579,291.23,87,100,6.71,US,1655103606
445,makakilo city,21.3469,-158.0858,298.33,71,75,2.57,US,1655103695
446,tirthahalli,13.7,75.2333,299.83,66,99,3.88,IN,1655103793
447,havre-saint-pierre,50.2334,-63.5986,283.66,78,53,3.58,CA,1655103794
448,wencheng,33.0559,113.7978,309.27,19,0,3.64,CN,1655103796
449,grand-santi,4.25,-54.3833,294.07,99,44,0.13,GF,1655103798
450,mountain home,43.133,-115.6912,285.86,76,100,5.66,US,1655103710
451,kingman,35.1894,-114.053,302.86,10,0,7.2,US,1655103801
452,valparaiso,-33.0393,-71.6273,284.53,83,54,1.37,CL,1655103675
453,ewa beach,21.3156,-158.0072,299.12,71,75,8.94,US,1655103719
454,mikun,62.3547,50.0771,291.97,33,48,1.27,RU,1655103805
455,nizhniy kuranakh,58.8353,125.4869,293.5,32,77,1.49,RU,1655103806
456,dickinson,29.4608,-95.0513,301.5,87,0,4.63,US,1655103807
457,batemans bay,-35.7167,150.1833,283.19,68,1,1.78,AU,1655103809
458,gryazovets,58.88,40.2525,292.07,49,97,3.35,RU,1655103810
459,ormara,25.2088,64.6357,301.53,81,0,5.37,PK,1655103705
460,matriz de camaragibe,-9.1517,-35.5333,295.84,97,44,1.22,BR,1655103812
461,bucerias,20.75,-105.3333,298.7,88,0,0.0,MX,1655103813
462,muros,42.7762,-9.0603,294.08,73,10,4.34,ES,1655103815
463,russell,32.3502,-85.1999,297.72,100,0,0.0,US,1655103816
464,dergachi,51.2328,48.7659,291.95,51,0,3.33,RU,1655103818
465,saint-augustin,51.226,-58.6502,280.99,84,29,1.56,CA,1655103819
466,nome,64.5011,-165.4064,281.57,76,100,3.6,US,1655103820
467,chuguyevka,44.1653,133.8633,294.81,62,100,0.5,RU,1655103822
468,huilong,31.8111,121.655,294.09,88,100,2.96,CN,1655103823
469,bodden town,19.2833,-81.25,299.78,89,76,2.24,KY,1655103825
470,awjilah,29.1081,21.2869,299.04,45,0,5.17,LY,1655103827
471,pineville,31.3224,-92.4343,300.09,86,100,2.57,US,1655103828
472,ranghulu,46.65,124.8667,294.51,68,100,6.28,CN,1655103830
473,vicuna,-30.0319,-70.7081,279.0,23,81,1.59,CL,1655103831
474,singapore,1.2897,103.8501,305.23,63,40,3.6,SG,1655103832
475,srandakan,-7.9386,110.2506,300.86,76,100,2.33,ID,1655103833
476,isangel,-19.55,169.2667,298.35,86,83,1.92,VU,1655103835
477,champerico,14.3,-91.9167,296.48,92,100,2.4,GT,1655103836
478,cayenne,4.9333,-52.3333,296.53,1,100,1.54,GF,1655103576
479,hutchinson,38.0608,-97.9298,301.81,69,0,7.2,US,1655103838
480,swan hill,-35.3378,143.5544,286.14,55,89,1.49,AU,1655103811
481,porto velho,-8.7619,-63.9039,294.18,83,75,2.06,BR,1655103840
482,pokrovskoye,47.4157,38.8971,300.99,41,0,6.33,RU,1655103841
483,puyang,29.4603,119.8861,294.49,97,100,0.39,CN,1655103843
484,constitucion,-35.3333,-72.4167,281.65,87,94,0.96,CL,1655103844
485,college station,30.628,-96.3344,301.08,78,40,5.14,US,1655103713
486,kjollefjord,70.9457,27.3465,279.18,91,100,8.16,NO,1655103846
487,brae,60.3964,-1.353,283.61,93,100,7.47,GB,1655103847
488,praya,14.9215,-23.5087,296.45,78,75,6.17,CV,1655103848
489,ballina,-28.8667,153.5667,289.27,85,100,2.81,AU,1655103769
490,novo aripuana,-5.1206,-60.3797,294.63,99,100,0.61,BR,1655103851
491,edea,3.8,10.1333,297.94,93,100,0.79,CM,1655103852
492,kahului,20.8947,-156.47,297.51,87,40,6.17,US,1655103853
493,nicolas bravo,18.45,-88.9167,295.37,99,32,1.08,MX,1655103854
494,gizo,-8.103,156.8419,301.91,63,14,1.64,SB,1655103855
495,sussex,41.1834,-74.6663,292.37,84,75,0.0,US,1655103857
496,eydhafushi,5.1033,73.0708,301.56,74,100,3.89,MV,1655103858
497,roald,62.5833,6.1333,286.99,100,75,6.17,NO,1655103859
498,sonoita,31.85,-112.8333,302.39,38,0,1.87,MX,1655103861
499,lima,-12.0432,-77.0282,288.09,87,35,3.13,PE,1655103679
500,axim,4.8699,-2.2405,298.59,75,96,1.74,GH,1655103863
501,playas,-2.6333,-80.3833,294.4,87,100,4.88,EC,1655103865
502,san francisco,37.7749,-122.4194,289.13,84,20,10.29,US,1655103866
503,pachino,36.7186,15.0907,296.93,56,0,1.83,IT,1655103867
504,spanish town,17.9911,-76.9574,300.94,79,20,10.29,JM,1655103598
505,manjacaze,-24.7117,33.8828,293.46,72,0,2.17,MZ,1655103869
506,cedral,23.8,-100.7333,291.02,76,0,5.83,MX,1655103870
507,zelenoborskiy,66.845,32.3622,286.91,76,100,0.66,RU,1655103872
508,leicester,52.6386,-1.1317,287.99,77,80,4.11,GB,1655103712
509,san patricio,28.017,-97.5169,301.4,82,2,6.25,US,1655103874
510,namwala,-15.7504,26.4384,289.8,48,0,2.26,ZM,1655103876
511,assiniboia,49.6334,-105.9845,288.97,56,99,1.51,CA,1655103877
512,agirish,61.9247,63.0231,284.37,58,99,5.0,RU,1655103878
513,viedma,-40.8135,-62.9967,284.51,50,100,6.24,AR,1655103880
514,wheeling,42.1392,-87.929,288.34,74,0,0.89,US,1655103656
515,vuktyl,63.8567,57.3094,289.07,20,0,5.01,RU,1655103882
516,ha giang,22.8333,104.9833,308.18,53,99,1.16,VN,1655103883
517,vrangel,42.7297,133.0839,285.83,82,100,4.41,RU,1655103884
518,tucuma,-0.1833,-50.05,296.68,93,2,1.61,BR,1655103885
519,kogon,39.7228,64.5517,305.17,20,40,3.09,UZ,1655103888
520,ugoofaaru,5.6667,73.0,301.53,76,100,3.96,MV,1655103889
521,deputatskiy,69.3,139.9,292.29,25,3,7.11,RU,1655103890
522,verkhnetulomskiy,68.6073,31.7962,290.22,56,100,1.38,RU,1655103892
523,ilulissat,69.2167,-51.1,272.16,93,100,2.57,GL,1655103893
524,vostok,46.4856,135.8833,296.71,32,7,1.53,RU,1655103895
525,kununurra,-15.7667,128.7333,302.14,15,12,4.12,AU,1655103896
526,bumba,2.1833,22.4667,298.36,82,93,1.38,CD,1655103897
527,gerash,27.6652,54.1371,308.02,24,0,3.8,IR,1655103899
528,cascais,38.6979,-9.4215,294.29,72,0,4.02,PT,1655103900
529,ughelli,5.4899,6.0074,298.35,92,100,1.07,NG,1655103902
530,san isidro,-12.1167,-77.05,288.71,87,100,4.12,PE,1655103903
531,puerto madryn,-42.7692,-65.0385,287.26,25,100,5.74,AR,1655103906
532,yanam,16.7333,82.2167,308.37,44,98,2.74,IN,1655103907
533,mabaruma,8.2,-59.7833,295.29,100,100,0.63,GY,1655103909
534,paciran,-6.8767,112.3761,302.36,71,78,3.76,ID,1655103910
535,abengourou,6.7297,-3.4964,294.31,97,100,0.88,CI,1655103912
536,coos bay,43.3665,-124.2179,284.26,93,100,3.09,US,1655103914
537,amagi,33.4167,130.65,295.21,80,100,1.04,JP,1655103915
538,areosa,41.7178,-8.8571,294.57,76,0,1.14,PT,1655103916
539,bilibino,68.0546,166.4372,291.0,24,45,5.87,RU,1655103917
540,rocha,-34.4833,-54.3333,279.02,90,86,1.37,UY,1655103918
541,caborca,30.5838,-111.101,303.94,30,52,2.24,MX,1655103920
542,porto santo,33.072,-16.3415,292.36,72,40,2.57,PT,1655103921
543,jaciara,-15.9653,-54.9683,285.89,47,12,1.37,BR,1655103651
544,caraz,-9.0486,-77.81,287.22,76,42,1.5,PE,1655103924
545,cockburn town,21.4612,-71.1419,299.86,82,7,9.51,TC,1655103925
546,vaitape,-16.5167,-151.75,299.83,69,100,9.27,PF,1655103927
547,fairview,40.8126,-73.999,293.94,88,100,4.92,US,1655103928
548,rovaniemi,66.5,25.7167,288.82,72,20,2.57,FI,1655103930
549,alice town,25.7167,-79.3,301.49,75,99,4.88,BS,1655103931
550,nouadhibou,20.931,-17.0347,292.38,87,6,10.05,MR,1655103932
551,sadovoye,47.7764,44.5089,299.93,34,0,7.84,RU,1655103934
552,krosno odrzanskie,52.0549,15.0988,291.91,62,100,4.49,PL,1655103935
553,batticaloa,7.7102,81.6924,305.85,53,100,3.43,LK,1655103937
554,hellvik,59.9156,5.781,284.69,91,100,1.79,NO,1655103939
555,lianran,24.9227,102.485,293.46,83,100,2.45,CN,1655103940
556,altamira,-3.2033,-52.2064,293.81,98,96,0.34,BR,1655103944
557,kabompo,-13.5927,24.2008,290.01,49,0,3.68,ZM,1655103946
558,kulhudhuffushi,6.6221,73.07,301.32,77,100,4.43,MV,1655103949
559,fevik,58.3794,8.6766,287.64,53,3,7.51,NO,1655103950
560,kruisfontein,-34.0033,24.7314,291.36,51,100,0.64,ZA,1655103951
561,itoman,26.1247,127.6694,303.36,89,75,9.26,JP,1655103953
562,abatskoye,56.2875,70.4555,288.03,80,100,4.81,RU,1655103954
563,khilok,51.3674,110.4676,298.09,22,100,3.04,RU,1655103955
564,takayama,36.1333,137.25,294.73,51,100,1.67,JP,1655103670
565,ust-kut,56.7938,105.7672,298.06,43,95,3.02,RU,1655103957
566,santo antonio de jesus,-12.9689,-39.2614,292.78,96,93,0.84,BR,1655103959
567,manono,-7.3,27.4167,299.9,36,59,4.99,CD,1655103960
568,abha,18.2164,42.5053,303.29,7,0,6.69,SA,1655103961
569,nicoya,10.1483,-85.452,295.45,98,100,1.64,CR,1655103962
570,portland,45.5234,-122.6762,284.61,85,100,2.68,US,1655103698
571,nijar,36.9665,-2.206,297.96,35,0,2.57,ES,1655103860
572,gamba,-2.65,10.0,297.94,79,15,1.99,GA,1655103965
573,abu samrah,35.3029,37.1841,298.34,46,0,9.99,SY,1655103967
574,mizdah,31.4451,12.9801,296.46,37,0,3.33,LY,1655103968
575,nouakchott,18.0858,-15.9785,295.11,90,13,6.98,MR,1655103970
576,beitbridge,-22.2167,30.0,291.58,40,0,0.96,ZW,1655103971
577,orneta,54.1148,20.1333,290.84,77,100,0.63,PL,1655103973
578,rakitnoye,50.8389,35.8515,295.21,70,0,2.11,RU,1655103974
579,mitsamiouli,-11.3847,43.2844,299.8,65,0,4.82,KM,1655103975
580,salalah,17.0151,54.0924,306.2,66,75,6.69,OM,1655103976
581,bundaberg,-24.85,152.35,291.05,64,0,2.8,AU,1655103977
582,aykhal,66.0,111.5,292.54,26,6,5.59,RU,1655103979
583,osoyoos,49.0331,-119.4524,288.57,94,100,2.36,CA,1655103980
584,am timan,11.0297,20.2827,299.88,60,100,3.82,TD,1655103981
